_id,level,tag,jp_char_count,kind,general_audio,general_image,text_read,text_read_vn,text_read_en,question_label_1,question_1,question_image_1,answer_1,correct_answer_1,explain_vn_1,explain_en_1,question_label_2,question_2,question_image_2,answer_2,correct_answer_2,explain_vn_2,explain_en_2,question_label_3,question_3,question_image_3,answer_3,correct_answer_3,explain_vn_3,explain_en_3,question_label_4,question_4,question_image_4,answer_4,correct_answer_4,explain_vn_4,explain_en_4,question_label_5,question_5,question_image_5,answer_5,correct_answer_5,explain_vn_5,explain_en_5
N5_406c099f,N5,store_flyer,133,tìm thông tin,,assets/img/tim_thong_tin/N5_406c099f.png,"<div><div><span>やまだ くだものてん</span><br><span>あさ 9:00 ～ よる 7:00</span></div><div>どようび・にちようび セール！</div><p>5<ruby>月</ruby>10<ruby>日</ruby>（<ruby>土</ruby>）と 11<ruby>日</ruby>（<ruby>日</ruby>）</p><div><span>りんご（5こ）</span><span><span>500<ruby>円</ruby></span><span>300<ruby>円</ruby></span></span></div><div><span>みかん（8こ）</span><span><span>400<ruby>円</ruby></span><span>250<ruby>円</ruby></span></span></div><div><span>バナナ（1ふくろ）</span><span>150<ruby>円</ruby></span></div><div><span>いちご（1はこ）</span><span>600<ruby>円</ruby></span></div><p>★ 1,000<ruby>円</ruby>いじょう かうと、ジュースを 1つ あげます！</p></div>",,,question_information_search,りんごと　みかんを　セールの　<ruby>日<rt>ひ</rt></ruby>に　かいます。いくらですか。,,"1. 500えん
2. 550えん
3. 600えん
4. 900えん",2,"Táo giảm giá còn 300 yên, cam giảm giá còn 250 yên. 300 + 250 = 550 yên.","Apples are on sale for 300 yen, oranges for 250 yen. 300 + 250 = 550 yen.",,,,,,,,,,,,,,,,,,,,,,,,,,,,
N5_bd79cc07,N5,event_announcement,179,tìm thông tin,,assets/img/tim_thong_tin/N5_bd79cc07.png,<div><h1>まちの そうじの おしらせ</h1><p>みんなで まちを きれいに しましょう！</p><table><tr><td><ruby>日</ruby></td><td>6<ruby>月</ruby>15<ruby>日</ruby>（<ruby>日</ruby>）</td></tr><tr><td>じかん</td><td>あさ 9:00 ～ 11:00</td></tr><tr><td>ところ</td><td>みどり<ruby>公園</ruby>（<ruby>駅</ruby>の ちかく）</td></tr><tr><td>もってくるもの</td><td>ぼうし、<ruby>水</ruby>、てぶくろ</td></tr></table><p>※ ごみぶくろは こちらで あげます。もってこなくて いいです。</p><p>※<ruby>雨</ruby>の ときは 6<ruby>月</ruby>22<ruby>日</ruby>（<ruby>日</ruby>）に します。</p><div><p>おわった あとで、おちゃと おかしが あります。</p><p>みどりまち やくしょ （でんわ：045-123-4567）</p></div></div>,,,question_information_search,そうじに　いくとき、なにを　もっていきますか。,,"1. ごみぶくろと　ぼうし
2. ぼうしと　みずと　てぶくろ
3. ごみぶくろと　みずと　てぶくろ
4. おちゃと　おかし",2,"Bảng ghi rõ cần mang: mũ, nước, găng tay. Túi rác sẽ được phát tại chỗ, không cần mang.","The notice says to bring a hat, water, and gloves. Garbage bags will be provided, so you don't need to bring them.",,,,,,,,,,,,,,,,,,,,,,,,,,,,
N5_76224d13,N5,regulation_notice,169,tìm thông tin,,assets/img/tim_thong_tin/N5_76224d13.png,<div><div><h1>じてんしゃの きまり</h1><p>さくらアパート</p></div><p>じてんしゃは<ruby>下</ruby>の きまりを まもって ください。</p><div><div>1</div><p>じてんしゃは 1かいの じてんしゃの ところに おいて ください。</p></div><div><div>2</div><p>かぎを かけて ください。</p></div><div><div>3</div><p>1つの へやに じてんしゃは 2つまでです。</p></div><div><div>4</div><p>あたらしい じてんしゃを おくときは、じむしょに いって ください。</p></div><div><div>5</div><p>つかわない じてんしゃは 3<ruby>月</ruby>までに もって かえって ください。</p></div><p>さくらアパート じむしょ</p></div>,,,question_information_search,あたらしい　じてんしゃを　おきたいです。どう　しますか。,,"1. 1かいに　おく
2. かぎを　かける
3. じむしょに　いく
4. 3がつまでに　もってかえる",3,"Quy tắc số 4 ghi rõ: khi muốn đặt xe đạp mới, phải đến văn phòng quản lý (じむしょ).","Rule 4 states: when placing a new bicycle, you must go to the management office (jimusho).",,,,,,,,,,,,,,,,,,,,,,,,,,,,
N5_11f33afd,N5,schedule_timetable,132,tìm thông tin,,assets/img/tim_thong_tin/N5_11f33afd.png,<div><h1>ひまわりセンター</h1><p>7<ruby>月</ruby>の へやの よてい</p><p>○ つかえます × つかえません</p><table><thead><tr><th><ruby>月</ruby></th><th><ruby>火</ruby></th><th><ruby>水</ruby></th><th><ruby>木</ruby></th><th><ruby>金</ruby></th><th><ruby>土</ruby></th></tr></thead><tbody><tr><td>あさ<br>9:00～12:00</td><td>○</td><td>×</td><td>○</td><td>○</td><td>×</td><td>○</td></tr><tr><td>ひる<br>13:00～17:00</td><td>×</td><td>○</td><td>○</td><td>×</td><td>○</td><td>○</td></tr><tr><td>よる<br>18:00～21:00</td><td>○</td><td>○</td><td>×</td><td>○</td><td>○</td><td>×</td></tr></tbody></table><p>※<ruby>日</ruby>ようびは やすみです。</p><p>※ 1じかん 200<ruby>円</ruby>です。</p><p>でんわ：03-9876-5432</p></div>,,,question_information_search,<ruby>水<rt>すい</rt></ruby>ようびの　ひるに　へやを　つかいたいです。つかえますか。,,"1. つかえます。200えんです。
2. つかえません。
3. つかえます。むりょうです。
4. にちようびだけ　つかえます。",1,Bảng cho thấy thứ Tư buổi trưa (13:00-17:00) có ○ = sử dụng được. Giá 200 yên/giờ.,The table shows Wednesday afternoon (13:00-17:00) has ○ = available. The fee is 200 yen per hour.,,,,,,,,,,,,,,,,,,,,,,,,,,,,
N5_6e4ccd4f,N5,travel_listing,222,tìm thông tin,,assets/img/tim_thong_tin/N5_6e4ccd4f.png,"<div><div><span>ABCバス</span><br><span>でんわ：048-111-2222</span></div><h1>あきの にちがえり バスりょこう</h1><div><div>① もみじの<ruby>山</ruby></div><p>きれいな もみじを みましょう。おべんとう つき。</p><div><span>10<ruby>月</ruby>5<ruby>日</ruby>（<ruby>土</ruby>）</span><span>3,000<ruby>円</ruby></span></div></div><div><div>② うみの さかなつり</div><p>うみで さかなを つりましょう。おひるごはんは ありません。</p><div><span>10<ruby>月</ruby>12<ruby>日</ruby>（<ruby>土</ruby>）</span><span>2,500<ruby>円</ruby></span></div></div><div><div>③ おんせんと おてら</div><p>おてらを みてから、おんせんに はいります。おべんとう つき。</p><div><span>10<ruby>月</ruby>20<ruby>日</ruby>（<ruby>日</ruby>）</span><span>4,000<ruby>円</ruby></span></div></div><p>※ どの りょこうも あさ 8:00に<ruby>駅</ruby>の まえから でます。</p><p>※ こどもは 500<ruby>円</ruby>やすく なります。</p></div>",,,question_information_search,おべんとうが　つく　りょこうで　いちばん　やすいのは　どれですか。,,"1. もみじの　やま
2. うみの　さかなつり
3. おんせんと　おてら
4. どれも　おべんとうが　つく",1,"Tour 1 (もみじの山) có cơm hộp kèm theo (おべんとうつき) giá 3,000 yên. Tour 3 cũng có nhưng giá 4,000 yên. Tour 2 không có cơm.","Tour 1 (Momiji mountain) includes a bento for 3,000 yen. Tour 3 also includes a bento but costs 4,000 yen. Tour 2 has no lunch included.",,,,,,,,,,,,,,,,,,,,,,,,,,,,
